{
  "age": 2.932510793668493,
  "activity_level": 3.154607932557706
}